,gyrA_D87N,gyrA_S83L,parC_S80I,parC_E84V,gyrA_D87Y,parC_S57T,parC_E84G,parC_E84A,gyrA_D87G,parC_S80R,parC_A108V,gyrA_S83V,parC_A56T,parC_E84K,parC_A108T,gyrA_S83A,Co_dot_bien_QRDR_bat_ky,Xac_suat_du_doan
562.140906,0,0,0,0,0,0,0,0,0,0,0,0,0,0,0,0,False,0.26026705
562.23822,0,0,0,0,0,0,0,0,0,0,0,0,0,0,0,0,False,0.34357667
562.96788,0,0,0,0,0,0,0,0,0,0,0,0,0,0,0,0,False,0.37788838
562.97328,0,0,0,0,0,0,0,0,0,0,0,0,0,0,0,0,False,0.3733556
562.98183,0,0,0,0,0,0,0,0,0,0,0,0,0,0,0,0,False,0.39914525
562.23551,0,0,0,0,0,0,0,0,0,0,0,0,0,0,0,0,False,0.43073884
562.45847,0,0,0,0,0,0,0,0,0,0,0,0,0,0,0,0,False,0.49776343
562.98185,0,0,0,0,0,0,0,0,0,0,0,0,0,0,0,0,False,0.37480912
562.57502,0,0,0,0,0,0,0,0,0,0,0,0,0,0,0,0,False,0.33892995
562.100793,0,0,0,0,0,0,0,0,0,0,0,0,0,0,0,0,False,0.33484334
562.57265,0,0,0,0,0,0,0,0,0,0,0,0,0,0,0,0,False,0.098711394
562.99801,0,0,0,0,0,0,0,0,0,0,0,0,0,0,0,0,False,0.08380127
562.23629,0,0,0,0,0,0,0,0,0,0,0,0,0,0,0,0,False,0.36245218
562.23076,0,0,0,0,0,0,0,0,0,0,0,0,0,0,0,0,False,0.35643047
562.96977,0,0,0,0,0,0,0,0,0,0,0,0,0,0,0,0,False,0.107571855
562.97338,0,0,0,0,0,0,0,0,0,0,0,0,0,0,0,0,False,0.17629674
562.97429,0,0,0,0,0,0,0,0,0,0,0,0,0,0,0,0,False,0.24813718
562.96561,0,0,0,0,0,0,0,0,0,0,0,0,0,0,0,0,False,0.22318594
562.96735,0,0,0,0,0,0,0,0,0,0,0,0,0,0,0,0,False,0.38571662
562.97415,0,0,0,0,0,0,0,0,0,0,0,0,0,0,0,0,False,0.3918026
562.23868,0,0,0,0,0,0,0,0,0,0,0,0,0,0,0,0,False,0.4414006
562.42722,0,0,0,0,0,0,0,0,0,0,0,0,0,0,0,0,False,0.46853095
562.23862,0,1,0,0,0,0,0,0,0,0,0,0,0,0,0,0,True,0.19571021
562.98861,0,0,0,0,0,0,0,0,0,0,0,0,0,0,0,0,False,0.15232685
562.99068,0,0,0,0,0,0,0,0,0,0,0,0,0,0,0,0,False,0.36478788
562.23345,0,1,0,0,0,0,0,0,0,0,0,0,0,0,0,0,True,0.19405344
562.144942,0,0,0,0,0,0,0,0,0,0,0,0,0,0,0,0,False,0.4554703
562.98212,0,0,0,0,0,0,0,0,0,0,0,0,0,1,0,0,True,0.34729183
562.97228,0,0,0,0,0,0,0,0,0,0,0,0,0,0,0,0,False,0.32464877
562.100119,0,0,0,0,0,0,0,0,0,0,0,0,0,0,0,0,False,0.18175203
562.97325,0,0,0,0,0,0,0,0,0,0,0,0,0,0,0,0,False,0.11695026
562.100495,0,0,0,0,0,0,0,0,0,0,0,0,0,0,0,0,False,0.22277926
562.45587,0,0,0,0,0,0,0,0,0,0,0,0,0,0,0,0,False,0.29615396
562.100893,0,0,0,0,0,0,0,0,0,0,0,0,0,0,0,0,False,0.22438598
562.57491,0,0,0,0,0,0,0,0,0,0,0,0,0,0,0,0,False,0.41655946
562.58736,0,0,0,0,0,0,0,0,0,0,0,0,0,0,0,0,False,0.33710623
562.98525,0,0,0,0,0,0,0,0,0,0,0,0,0,0,0,0,False,0.3725232
562.22501,0,0,0,0,0,0,0,0,0,0,0,0,0,0,0,0,False,0.2622663
